Datum,Kl,Essingeleden
15-01-01,01:00,18.7725,
15-01-01,02:00,24.985,
15-01-01,03:00,19.825,
15-01-01,04:00,13.7905,
15-01-01,05:00,5.78724,
15-01-01,06:00,5.11374,
15-01-01,07:00,8.28374,
15-01-01,08:00,6.29673,
15-01-01,09:00,3.78925,
15-01-01,10:00,7.68674,
15-01-01,11:00,10.1187,
15-01-01,12:00,13.1475,
15-01-01,13:00,14.7725,
15-01-01,14:00,20.4375,
15-01-01,15:00,20.85,
15-01-01,16:00,25.8875,